{"name":"SearchIntent","identifier":"3XFVSQXT22","description":null,"parentIntentSignature":null,"sampleUtterances":[{"utterance":"show me {keyword_1} and {keyword_2}"},{"utterance":"show me {keyword_1} photos"},{"utterance":"find photos of {keyword_1}"},{"utterance":"find photos of {keyword_1} and {keyword_2}"},{"utterance":"Show me photos of {keyword_1} and {keyword_2} with {keyword_3}"},{"utterance":"{keyword_1}"}],"intentConfirmationSetting":null,"intentClosingSetting":null,"initialResponseSetting":{"conditional":null,"codeHook":{"isActive":true,"invocationLabel":null,"postCodeHookSpecification":{"failureResponse":null,"failureNextStep":{"sessionAttributes":null,"dialogAction":{"type":"EndConversation","slotToElicit":null,"suppressNextMessage":null},"intent":{"name":null,"slots":null}},"failureConditional":null,"successResponse":null,"successNextStep":{"sessionAttributes":null,"dialogAction":{"type":"ElicitSlot","slotToElicit":"keyword_1","suppressNextMessage":null},"intent":{"name":null,"slots":null}},"successConditional":null,"timeoutResponse":null,"timeoutNextStep":{"sessionAttributes":null,"dialogAction":{"type":"EndConversation","slotToElicit":null,"suppressNextMessage":null},"intent":{"name":null,"slots":null}},"timeoutConditional":null},"enableCodeHookInvocation":true},"nextStep":{"sessionAttributes":null,"dialogAction":{"type":"InvokeDialogCodeHook","slotToElicit":null,"suppressNextMessage":null},"intent":{"name":null,"slots":null}},"initialResponse":null},"inputContexts":null,"outputContexts":null,"kendraConfiguration":null,"qnAIntentConfiguration":null,"bedrockAgentIntentConfiguration":null,"dialogCodeHook":null,"fulfillmentCodeHook":null,"slotPriorities":[{"priority":2,"slotName":"keyword_2"},{"priority":1,"slotName":"keyword_1"},{"priority":3,"slotName":"keyword_3"}]}