{"name":"Object","identifier":"RTXKOET3VQ","description":"Description of your slot type","slotTypeValues":[{"synonyms":null,"sampleValue":{"value":"Tree"}},{"synonyms":null,"sampleValue":{"value":"Mountain"}},{"synonyms":null,"sampleValue":{"value":"Beach"}},{"synonyms":null,"sampleValue":{"value":"Sunset"}},{"synonyms":null,"sampleValue":{"value":"Flower"}},{"synonyms":null,"sampleValue":{"value":"Dog"}},{"synonyms":null,"sampleValue":{"value":"Cat"}},{"synonyms":null,"sampleValue":{"value":"Bird"}},{"synonyms":null,"sampleValue":{"value":"Waterfall"}},{"synonyms":null,"sampleValue":{"value":"Sky"}},{"synonyms":null,"sampleValue":{"value":"Cloud"}},{"synonyms":null,"sampleValue":{"value":"Cityscape"}},{"synonyms":null,"sampleValue":{"value":"Building"}},{"synonyms":null,"sampleValue":{"value":"Architecture"}},{"synonyms":null,"sampleValue":{"value":"Car"}},{"synonyms":null,"sampleValue":{"value":"Bike"}},{"synonyms":null,"sampleValue":{"value":"Hiking"}},{"synonyms":null,"sampleValue":{"value":"Camping"}},{"synonyms":null,"sampleValue":{"value":"Wildlife"}},{"synonyms":null,"sampleValue":{"value":"Lake"}},{"synonyms":null,"sampleValue":{"value":"River"}},{"synonyms":null,"sampleValue":{"value":"Boat"}},{"synonyms":null,"sampleValue":{"value":"Ship"}},{"synonyms":null,"sampleValue":{"value":"Bridge"}},{"synonyms":null,"sampleValue":{"value":"Sunflower"}},{"synonyms":null,"sampleValue":{"value":"Field"}},{"synonyms":null,"sampleValue":{"value":"Forest"}},{"synonyms":null,"sampleValue":{"value":"Snow"}},{"synonyms":null,"sampleValue":{"value":"Ice"}},{"synonyms":null,"sampleValue":{"value":"Firework"}}],"parentSlotTypeSignature":null,"valueSelectionSetting":{"resolutionStrategy":"TOP_RESOLUTION","regexFilter":null}}